Name,Reference,CPU,GPU,RAM,Storage,Refresh screen,Color,Price,Garentie,Availability,Brand
Pc Portable Gamer MSI Thin 15 B13U ,[B13UCX-2607XFR-SS],Intel Core i5-13420H,RTX 2050,8 Go,512 Go,144 Hz,Gris Cosmos,2025,1,En stock,MSI
PC Portable Gamer Lenovo LOQ 15IAX9E ,[83LK0075FG-2Y],Intel Core i5-12450HX,RTX 2050,16 Go,512 Go,144 Hz,Gris Luna,2049,2,En stock,Lenovo
Pc Portable Gamer MSI Thin 15 B13U ,[B13UCX-2607XFR],Intel Core i5-13420H,RTX 2050,8 Go,512 Go,144 Hz,Gris Cosmos,2075,1,En stock,MSI
PC Portable ASUS TUF Gaming A15 FA506NF ,[FA506NF-HN005W],AMD Ryzen 5,RTX 2050,8 Go,512 Go,,Noir,2089,1,En stock,ASUS
PC Portable Gamer Lenovo LOQ 15IAX9E ,[83LK006SFG-2Y],Intel Core i5-12450HX,RTX 2050,16 Go,512 Go,144 Hz,Gris Luna,2099,2,En stock,Lenovo
PC Portable Gamer Lenovo LOQ 15IAX9E ,[83LK0075FG-2Y-W11P],Intel Core i5-12450HX,RTX 2050,16 Go,512 Go,144 Hz,Gris Luna,2099,2,En stock,Lenovo
Pc Portable Gamer MSI Thin 15 B13U ,[B13UCX-2607XFR-W11P],Intel Core i5-13420H,RTX 2050,8 Go,512 Go,144 Hz,Gris Cosmos,2125,1,En stock,MSI
Pc Portable Gamer HP Victus Gaming 15-Fa1007nk ,[9U175EA-SAC],Intel Core i5-13420H,RTX 2050,8 Go,512 Go,micro,Noir,2149,1,En stock,HP
PC Portable Gamer HP Victus Gaming Laptop 15-Fa1006nk ,[9U1B9EA],Intel Core i5-13420H,RTX 2050,8 Go,512 Go,micro,Bleu performance,2149,1,En stock,HP
Pc Portable Gamer HP Victus Gaming 15-Fa1007nk ,[9U175EA],Intel Core i5-13420H,RTX 2050,8 Go,512 Go,micro,Noir,2149,1,En stock,HP
PC Portable Gamer HP Victus Gaming Laptop 15-Fa1006nk ,[9U1B9EA-SAC],Intel Core i5-13420H,RTX 2050,8 Go,512 Go,micro,Bleu performance,2149,1,En stock,HP
Pc Portable Gamer MSI Thin 15 B13U ,[B13UCX-2607XFR-16-SS],Intel Core i5-13420H,RTX 2050,16 Go,512 Go,144 Hz,Gris Cosmos,2195,1,En stock,MSI
Pc Portable Gamer MSI Thin 15 B13U ,[B13UCX-2607XFR-16],Intel Core i5-13420H,RTX 2050,16 Go,512 Go,144 Hz,Gris Cosmos,2245,1,En stock,MSI
Pc Portable Gamer MSI Thin 15 B13U ,[B13UCX-2607XFR-16-W11P],Intel Core i5-13420H,RTX 2050,16 Go,512 Go,144 Hz,Gris Cosmos,2295,1,En stock,MSI
"PC Portable Gamer ASUS Vivobook 16X I5-13420H 8GB 512SSD RTX30504GO W11 16"" WUXGA SILVER",[K3605VC-RP488W-SS],Intel Core i5-13420H,RTX 3050,8 Go,512 Go,144 Hz,Silver,2295,1,En stock,ASUS
"PC Portable Gamer ASUS Vivobook 16X I5-13420H 8GB 512SSD RTX30504GO W11 16"" WUXGA BLACK",[K3605VC-RP405W-SS],Intel Core i5-13420H,RTX 3050,8 Go,512 Go,144 Hz,Noir,2295,1,En stock,ASUS
Pc Portable Gamer HP Victus Gaming 15-Fa1007nk ,[9U175EA-16-SAC],Intel Core i5-13420H,RTX 2050,16 Go,512 Go,micro,Noir,2299,1,En stock,HP
Pc Portable Gamer HP Victus Gaming 15-Fa1007nk ,[9U175EA-16],Intel Core i5-13420H,RTX 2050,16 Go,512 Go,micro,Noir,2299,1,En stock,HP
PC Portable Gamer HP Victus Gaming Laptop 15-Fa1006nk ,[9U1B9EA-16],Intel Core i5-13420H,RTX 2050,16 Go,512 Go,micro,Bleu performance,2309,1,En stock,HP
PC Portable Gamer HP Victus Gaming Laptop 15-Fa1006nk ,[9U1B9EA-16-SAC],Intel Core i5-13420H,RTX 2050,16 Go,512 Go,micro,Bleu performance,2309,1,En stock,HP
Pc Portable Gamer Lenovo LOQ 15IAX9 ,[83GS00SKFG-2Y],Intel Core i5-12450HX,RTX 2050,12 Go,512 Go,antireflet,Gris Luna,2329,2,En stock,Lenovo
"PC Portable Gamer ASUS Vivobook 16X I5-13420H 8GB 512SSD RTX30504GO W11 16"" WUXGA BLACK + SAC A DOS",[K3605VC-RP405W],Intel Core i5-13420H,RTX 3050,8 Go,512 Go,144 Hz,Noir,2339,1,En stock,ASUS
"PC Portable Gamer ASUS Vivobook 16X I5-13420H 8GB 512SSD RTX30504GO W11 16"" WUXGA SILVER + SAC A DOS",[K3605VC-RP488W],Intel Core i5-13420H,RTX 3050,8 Go,512 Go,144 Hz,Silver,2339,1,En stock,ASUS
Pc Portable Gamer ASUS V16 V3607VJ ,[V3607VJ-RP086-SS],Intel Core 5,RTX 3050,8 Go,512 Go,144 Hz,Noir,2339,1,En stock,ASUS
Pc Portable Gamer MSI Thin 15 B13U ,[B13UCX-2606XFR-SS],Intel Core i7-13620H,RTX 2050,8 Go,512 Go,144 Hz,Gris Cosmos,2345,1,En stock,MSI
"PC Portable Gamer ASUS Vivobook 16X I5-13420H 12GB 512SSD RTX30504GO W11 16"" WUXGA BLACK",[K3605VC-RP405W-12-SS],Intel Core i5-13420H,RTX 3050,12 Go,512 Go,144 Hz,Noir,2355,1,En stock,ASUS
"PC Portable Gamer ASUS Vivobook 16X I5-13420H 12GB 512SSD RTX30504GO W11 16"" WUXGA SILVER",[K3605VC-RP488W-12-SS],Intel Core i5-13420H,RTX 3050,12 Go,512 Go,144 Hz,Silver,2355,1,En stock,ASUS
Pc Portable Gamer MSI Thin 15 B13U ,[B13UCX-2607XFR-24-SS],Intel Core i5-13420H,RTX 2050,24 Go,512 Go,144 Hz,Gris Cosmos,2355,1,En stock,MSI
Pc Portable ASUS Vivobook S14 S3407QA ,[S3407QA-SF065W], Snapdragon X X1 26 100 ,GPU not listed,16 Go,512 Go,dalle IPS,Gris mat argenté froid,2359,1,En stock,ASUS
Pc Portable Gamer MSI Thin 15 B13UDX ,[B13UDX-3258XFR],Intel Core i5-13420H,RTX 3050,8 Go,512 Go,144 Hz,Gris Cosmos,2369,1,En stock,MSI
Pc Portable Gamer ASUS V16 V3607VJ ,[V3607VJ-RP086],Intel Core 5,RTX 3050,8 Go,512 Go,144 Hz,Noir,2379,1,En stock,ASUS
Portable Gaming HP Victus Gaming 15-Fa2029nk ,[C65BCEA],Intel Core i7-13620H,RTX 2050,8 Go,512 Go,IPS,Argent mica,2389,1,En stock,HP
Pc Portable Gamer HP Victus Gaming 15-Fa1007nk ,[9U175EA-24],Intel Core i5-13420H,RTX 2050,24 Go,512 Go,micro,Noir,2389,1,En stock,HP
Pc Portable Gamer HP Victus Gaming 15-Fa1007nk ,[9U175EA-24-SAC],Intel Core i5-13420H,RTX 2050,24 Go,512 Go,micro,Noir,2389,1,En stock,HP
Pc Portable Gamer MSI Thin 15 B13U ,[B13UCX-2606XFR],Intel Core i7-13620H,RTX 2050,8 Go,512 Go,144 Hz,Gris Cosmos,2389,1,En stock,MSI
PC Portable ASUS TUF Gaming A15 FA506NF ,[FA506NF-HN005W-16],AMD Ryzen 5,RTX 2050,16 Go,512 Go,,Noir,2389,1,En stock,ASUS
Pc Portable Gamer MSI Thin 15 B13U ,[B13UCX-2606XFR-SSW11P],Intel Core i7-13620H,RTX 2050,8 Go,512 Go,144 Hz,Gris Cosmos,2395,1,En stock,MSI
"PC Portable Gamer ASUS Vivobook 16X I5-13420H 12GB 512SSD RTX30504GO W11 16"" WUXGA SILVER + SAC A DOS",[K3605VC-RP488W-12],Intel Core i5-13420H,RTX 3050,12 Go,512 Go,144 Hz,Silver,2399,1,En stock,ASUS
"PC Portable Gamer ASUS Vivobook 16X I5-13420H 12GB 512SSD RTX30504GO W11 16"" WUXGA BLACK + SAC A DOS",[K3605VC-RP405W-12],Intel Core i5-13420H,RTX 3050,12 Go,512 Go,144 Hz,Noir,2399,1,En stock,ASUS
PC Portable ASUS TUF Gaming A15 FA506NFR ,[FA506NFR-HN005W],AMD Ryzen 7,RTX 2050,8 Go,512 Go,,Noir,2399,1,En stock,ASUS
Pc Portable Gamer ASUS V16 V3607VJ ,[V3607VJ-RP086-W11P-SS],Intel Core 5,RTX 3050,8 Go,512 Go,144 Hz,Noir,2399,1,En stock,ASUS
Pc Portable Gamer MSI Thin 15 B13U ,[B13UCX-2607XFR-24],Intel Core i5-13420H,RTX 2050,24 Go,512 Go,144 Hz,Gris Cosmos,2405,1,En stock,MSI
Pc Portable Gamer HP Victus Gaming 15-Fb3008nk ,[C65BFEA],AMD Ryzen 5,RTX 2050,8 Go,512 Go,IPS,Noir,2419,1,En stock,HP
Pc Portable Gamer ASUS V16 V3607VJ ,[V3607VJ-RP086-W11P],Intel Core 5,RTX 3050,8 Go,512 Go,144 Hz,Noir,2429,1,En stock,ASUS
Pc Portable Gamer MSI Thin 15 B13U ,[B13UCX-2606XFR-W11P],Intel Core i7-13620H,RTX 2050,8 Go,512 Go,144 Hz,Gris Cosmos,2439,1,En stock,MSI
PC Portable Gamer HP Victus Gaming Laptop 15-Fa1006nk ,[9U1B9EA-24-SAC],Intel Core i5-13420H,RTX 2050,8 Go,512 Go,micro,Bleu performance,2439,1,En stock,HP
PC Portable Gamer HP Victus Gaming Laptop 15-Fa1006nk ,[9U1B9EA-24],Intel Core i5-13420H,RTX 2050,8 Go,512 Go,micro,Bleu performance,2439,1,En stock,HP
Pc Portable Gamer MSI Thin 15 B13UDX ,[B13UDX-3258XFR-W11P],Intel Core i5-13420H,RTX 3050,8 Go,512 Go,144 Hz,Gris Cosmos,2449,1,En stock,MSI
Pc Portable ASUS Vivobook S14 S3407QA ,[S3407QA-SF066W], Snapdragon X X1 26 100 ,GPU not listed,16 Go,1 To,dalle IPS,Gris mat argenté froid,2449,1,En stock,ASUS
Portable Gamer MSI Thin 15 B13UDX ,[BU-B13UDX-2686XFR-W11P],Intel Core i5-13420H,RTX 3050,8 Go,512 Go,144 Hz,Gris Cosmos,2455,2,En stock,MSI
Pc Portable Gamer MSI Thin 15 B13U ,[B13UCX-2607XFR-24-W11P],Intel Core i5-13420H,RTX 2050,24 Go,512 Go,144 Hz,Gris Cosmos,2455,1,En stock,MSI
"PC Portable Gamer ASUS Vivobook 16X I5-13420H 16GB 512SSD RTX30504GO W11 16"" WUXGA SILVER",[K3605VC-RP488W-16-SS],Intel Core i5-13420H,RTX 3050,16 Go,512 Go,144 Hz,Silver,2485,1,En stock,ASUS
"PC Portable Gamer ASUS Vivobook 16X I5-13420H 16GB 512SSD RTX30504GO W11 16"" WUXGA BLACK",[K3605VC-RP405W-16-SS],Intel Core i5-13420H,RTX 3050,16 Go,512 Go,144 Hz,Noir,2485,1,En stock,ASUS
Pc Portable Gamer MSI Thin 15 B13U ,[B13UCX-2606XFR-16-SS],Intel Core i7-13620H,RTX 2050,16 Go,512 Go,144 Hz,Gris Cosmos,2509,1,En stock,MSI
PC Portable Gamer Lenovo LOQ 15IAX9E ,[83LK0075FG-2Y-32],Intel Core i5-12450HX,RTX 2050,32 Go,512 Go,144 Hz,Gris Luna,2509,2,En stock,Lenovo
"PC Portable Gamer ASUS Vivobook 16X I5-13420H 16GB 512SSD RTX30504GO W11 16"" WUXGA SILVER + SAC A DOS",[K3605VC-RP488W-16],Intel Core i5-13420H,RTX 3050,16 Go,512 Go,144 Hz,Silver,2529,1,En stock,ASUS
"PC Portable Gamer ASUS Vivobook 16X I5-13420H 16GB 512SSD RTX30504GO W11 16"" WUXGA BLACK + SAC A DOS",[K3605VC-RP405W-16],Intel Core i5-13420H,RTX 3050,16 Go,512 Go,144 Hz,Noir,2529,1,En stock,ASUS
Pc Portable Gamer Lenovo LOQ 15IAX9 ,[83GS00UBFG-2Y],Intel Core i5-12600HX,RTX 3050,8 Go,512 Go,antireflet,Gris Luna,2529,2,En stock,Lenovo
Pc Portable Gamer MSI Thin 15 B13UDX ,[B13UDX-3258XFR-16],Intel Core i5-13420H,RTX 3050,16 Go,512 Go,144 Hz,Gris Cosmos,2539,1,En stock,MSI
PC Portable ASUS TUF Gaming A15 FA506NF ,[FA506NF-HN005W-24],AMD Ryzen 5,RTX 2050,24 Go,512 Go,,Noir,2539,1,En stock,ASUS
Portable Gaming HP Victus Gaming 15-Fa2029nk ,[C65BCEA-16],Intel Core i7-13620H,RTX 2050,16 Go,512 Go,IPS,Argent mica,2549,1,En stock,HP
Pc Portable Gamer MSI Thin 15 B13U ,[B13UCX-2607XFR-32-SS],Intel Core i5-13420H,RTX 2050,32 Go,512 Go,144 Hz,Gris Cosmos,2559,1,En stock,MSI
PC Portable Gamer Lenovo LOQ 15IAX9E ,[83LK0075FG-2Y-32-W11P],Intel Core i5-12450HX,RTX 2050,32 Go,512 Go,144 Hz,Gris Luna,2559,2,En stock,Lenovo
PC Portable Gamer Lenovo LOQ 15IAX9E ,[83LK006SFG-2Y-32],Intel Core i5-12450HX,RTX 2050,32 Go,512 Go,144 Hz,Gris Luna,2559,2,En stock,Lenovo
Pc Portable Gamer MSI Thin 15 B13U ,[B13UCX-2606XFR-16],Intel Core i7-13620H,RTX 2050,16 Go,512 Go,144 Hz,Gris Cosmos,2559,1,En stock,MSI
Pc Portable Gamer MSI Thin 15 B13U ,[B13UCX-2606XFR-16-SSW11P],Intel Core i7-13620H,RTX 2050,16 Go,512 Go,144 Hz,Gris Cosmos,2559,1,En stock,MSI
Pc Portable Gamer ASUS V16 V3607VJ ,[V3607VJ-RP086-20-SS],Intel Core 5,RTX 3050,20 Go,512 Go,144 Hz,Noir,2589,1,En stock,ASUS
Pc Portable Gamer Lenovo LOQ 15IAX9 ,[83GS00SKFG-2Y-16],Intel Core i5-12450HX,RTX 2050,16 Go,512 Go,antireflet,Gris Luna,2599,2,En stock,Lenovo
PC Portable Gamer HP Victus Gaming Laptop 15-Fa1006nk ,[9U1B9EA-32],Intel Core i5-13420H,RTX 2050,32 Go,512 Go,micro,Bleu performance,2609,1,En stock,HP
Pc Portable Gamer HP Victus Gaming 15-Fa1007nk ,[9U175EA-32],Intel Core i5-13420H,RTX 2050,32 Go,512 Go,micro,Noir,2609,1,En stock,HP
Pc Portable Gamer MSI Thin 15 B13U ,[B13UCX-2606XFR-16W11P],Intel Core i7-13620H,RTX 2050,16 Go,512 Go,144 Hz,Gris Cosmos,2609,1,En stock,MSI
Pc Portable Gamer HP Victus Gaming 15-Fa1007nk ,[9U175EA-32-SAC],Intel Core i5-13420H,RTX 2050,32 Go,512 Go,micro,Noir,2609,1,En stock,HP
Pc Portable Gamer MSI Thin 15 B13U ,[B13UCX-2607XFR-32],Intel Core i5-13420H,RTX 2050,32 Go,512 Go,144 Hz,Gris Cosmos,2609,1,En stock,MSI
PC Portable Gamer HP Victus Gaming Laptop 15-Fa1006nk ,[9U1B9EA-32-SAC],Intel Core i5-13420H,RTX 2050,32 Go,512 Go,micro,Bleu performance,2609,1,En stock,HP
Pc Portable Gamer MSI Thin 15 B13UDX ,[B13UDX-3258XFR-16-W11P],Intel Core i5-13420H,RTX 3050,16 Go,512 Go,144 Hz,Gris Cosmos,2619,1,En stock,MSI
Pc Portable Gamer ASUS V16 V3607VJ ,[V3607VJ-RP086-20],Intel Core 5,RTX 3050,20 Go,512 Go,144 Hz,Noir,2629,1,En stock,ASUS
Pc Portable Gamer ASUS V16 V3607VJ ,[V3607VJ-RP086-16-SS],Intel Core 5,RTX 3050,16 Go,512 Go,144 Hz,Noir,2639,1,En stock,ASUS
Pc Portable Gamer ASUS V16 V3607VJ ,[V3607VJ-RP086-20-W11P-SS],Intel Core 5,RTX 3050,20 Go,512 Go,144 Hz,Noir,2639,1,En stock,ASUS
PC Portable ASUS TUF Gaming A15 FA506NF ,[FA506NF-HN004-32],AMD Ryzen 5,RTX 2050,32 Go,512 Go,,Noir,2649,1,En stock,ASUS
Pc Portable Gamer MSI Thin 15 B13U ,[B13UCX-2607XFR-32-W11P],Intel Core i5-13420H,RTX 2050,32 Go,512 Go,144 Hz,Gris Cosmos,2659,1,En stock,MSI
Pc Portable Dell Gaming G15 5535 ,[G15-5535-R51TSSD-3Y],AMD Ryzen 5,RTX 3050,16 Go,1 To,,Noir,2659,3,En stock,Dell
Pc Portable Gamer MSI Thin 15 B13U ,[B13UCX-2606XFR-24-SS],Intel Core i7-13620H,RTX 2050,24 Go,512 Go,144 Hz,Gris Cosmos,2669,1,En stock,MSI
PC Portable ASUS TUF Gaming A15 FA506NCR ,[FA506NCR-HN028W],AMD Ryzen 7,RTX 3050,8 Go,512 Go,,Noir,2669,1,En stock,ASUS
Pc Portable Gamer MSI Thin 15 B13UDX ,[B13UDX-3257XFR],Intel Core i7-13620H,RTX 3050,8 Go,512 Go,144 Hz,Gris Cosmos,2669,1,En stock,MSI
"PC Portable Gamer ASUS Vivobook 16X I5-13420H 24GB 512SSD RTX30504GO W11 16"" WUXGA SILVER",[K3605VC-RP488W-24-SS],Intel Core i5-13420H,RTX 3050,24 Go,512 Go,144 Hz,Silver,2675,1,En stock,ASUS
"PC Portable Gamer ASUS Vivobook 16X I5-13420H 24GB 512SSD RTX30504GO W11 16"" WUXGA BLACK",[K3605VC-RP405W-24-SS],Intel Core i5-13420H,RTX 3050,24 Go,512 Go,144 Hz,Noir,2675,1,En stock,ASUS
Pc Portable Gamer ASUS V16 V3607VJ ,[V3607VJ-RP086-20-W11P],Intel Core 5,RTX 3050,20 Go,512 Go,144 Hz,Noir,2679,1,En stock,ASUS
Pc Portable Gamer ASUS V16 V3607VJ ,[V3607VJ-RP086-16],Intel Core 5,RTX 3050,16 Go,512 Go,144 Hz,Noir,2679,1,En stock,ASUS
Portable Gaming HP Victus Gaming 15-Fa2029nk ,[C65BCEA-24],Intel Core i7-13620H,RTX 2050,24 Go,512 Go,IPS,Argent mica,2679,1,En stock,HP
Pc Portable Gamer ASUS V16 V3607VJ ,[V3607VJ-RP086-16-W11P-SS],Intel Core 5,RTX 3050,16 Go,512 Go,144 Hz,Noir,2689,1,En stock,ASUS
PC Portable ASUS TUF Gaming A15 FA506NFR ,[BU-FA506NFR-HN005W-16],AMD Ryzen 7,RTX 2050,16 Go,512 Go,,Noir,2699,1,En stock,ASUS
PC Portable ASUS TUF Gaming A15 FA506NFR ,[FA506NFR-HN005W-16],AMD Ryzen 7,RTX 2050,16 Go,512 Go,,Noir,2699,1,En stock,ASUS
Pc Portable Gamer MSI Thin 15 B13UDX ,[B13UDX-3258XFR-24],Intel Core i5-13420H,RTX 3050,24 Go,512 Go,144 Hz,Gris Cosmos,2699,1,En stock,MSI
"PC Portable Gamer ASUS Vivobook 16X I5-13420H 24GB 512SSD RTX30504GO W11 16"" WUXGA BLACK + SAC A DOS",[K3605VC-RP405W-24],Intel Core i5-13420H,RTX 3050,24 Go,512 Go,144 Hz,Noir,2719,1,En stock,ASUS
Pc Portable Gamer MSI Thin 15 B13U ,[B13UCX-2606XFR-24],Intel Core i7-13620H,RTX 2050,24 Go,512 Go,144 Hz,Gris Cosmos,2719,1,En stock,MSI
Portable Gaming HP Victus Gaming 15-Fa2028nk ,[C65BBEA],Intel Core i5-14450HX,RTX 3050,16 Go,512 Go,IPS,Argent mica,2719,1,En stock,HP
"PC Portable Gamer ASUS Vivobook 16X I5-13420H 24GB 512SSD RTX30504GO W11 16"" WUXGA SILVER + SAC A DOS",[K3605VC-RP488W-24],Intel Core i5-13420H,RTX 3050,24 Go,512 Go,144 Hz,Silver,2719,1,En stock,ASUS
Pc Portable Gamer MSI Thin 15 B13U ,[B13UCX-2606XFR-24-SSW11P],Intel Core i7-13620H,RTX 2050,24 Go,512 Go,144 Hz,Gris Cosmos,2735,1,En stock,MSI
Pc Portable Gamer ASUS V16 V3607VJ ,[V3607VJ-RP086-16-W11P],Intel Core 5,RTX 3050,16 Go,512 Go,144 Hz,Noir,2739,1,En stock,ASUS
Pc Portable Gamer MSI Thin 15 B13UDX ,[B13UDX-3257XFR-W11P],Intel Core i7-13620H,RTX 3050,8 Go,512 Go,144 Hz,Gris Cosmos,2749,1,En stock,MSI
PC Portable ASUS TUF Gaming A15 FA506NF ,[FA506NF-HN005W-32],AMD Ryzen 5,RTX 2050,32 Go,512 Go,,Noir,2759,1,En stock,ASUS
Pc Portable Gamer MSI Thin 15 B13U ,[B13UCX-2606XFR-24-W],Intel Core i7-13620H,RTX 2050,24 Go,512 Go,144 Hz,Gris Cosmos,2769,1,En stock,MSI
Pc Portable Gamer HP Victus Gaming 15-Fb3008nk ,[C65BFEA-16],AMD Ryzen 5,RTX 2050,16 Go,512 Go,IPS,Noir,2769,1,En stock,HP
Pc Portable Gamer MSI Thin 15 B13UDX ,[B13UDX-3258XFR-24-W11P],Intel Core i5-13420H,RTX 3050,24 Go,512 Go,144 Hz,Gris Cosmos,2779,1,En stock,MSI
Pc Portable Gamer ASUS V16 V3607VJ ,[V3607VJ-RP086-24-SS],Intel Core 5,RTX 3050,24 Go,512 Go,144 Hz,Noir,2789,1,En stock,ASUS
Pc Portable Gamer ASUS V16 V3607VJ ,[V3607VU-RP209],Intel Core 5,RTX 4050,8 Go,512 Go,144 Hz,Noir,2829,1,En stock,ASUS
Pc Portable Gamer Lenovo LOQ 15IAX9 ,[83GS00UBFG-2Y-16],Intel Core i5-12600HX,RTX 3050,16 Go,512 Go,antireflet,Gris Luna,2829,2,En stock,Lenovo
Pc Portable Gamer ASUS V16 V3607VJ ,[V3607VJ-RP086-24],Intel Core 5,RTX 3050,24 Go,512 Go,144 Hz,Noir,2829,1,En stock,ASUS
Pc Portable Gamer Dell Alienware 16 Aurora ,[AC162506RPHR005],Intel Core 5,RTX 3050,16 Go,512 Go,,Bleu,2839,1,En stock,Dell
Pc Portable Gamer MSI Thin 15 B13UDX ,[B13UDX-3257XFR-16],Intel Core i7-13620H,RTX 3050,16 Go,512 Go,144 Hz,Gris Cosmos,2839,1,En stock,MSI
Pc Portable Gamer ASUS V16 V3607VJ ,[V3607VJ-RP086-24-W11P-SS],Intel Core 5,RTX 3050,24 Go,512 Go,144 Hz,Noir,2839,1,En stock,ASUS
PC Portable ASUS TUF Gaming A15 FA506NFR ,[BU-FA506NFR-HN005W-24],AMD Ryzen 7,RTX 2050,24 Go,512 Go,,Noir,2849,1,En stock,ASUS
Portable Gaming HP Victus Gaming 15-Fa2029nk ,[C65BCEA-32],Intel Core i7-13620H,RTX 2050,32 Go,512 Go,IPS,Argent mica,2849,1,En stock,HP
PC Portable ASUS TUF Gaming A15 FA506NFR ,[FA506NFR-HN005W-24],AMD Ryzen 7,RTX 2050,24 Go,512 Go,,Noir,2849,1,En stock,ASUS
Pc Portable Gamer ASUS V16 V3607VU ,[V3607VU-RP196W],Intel Core 5,RTX 4050,16 Go,512 Go,144 Hz,Noir,2869,1,En stock,ASUS
Pc Portable Gamer MSI Thin 15 B13U ,[B13UCX-2606XFR-32-SS],Intel Core i7-13620H,RTX 2050,32 Go,512 Go,144 Hz,Gris Cosmos,2869,1,En stock,MSI
Pc Portable Dell Gaming G15 5535 ,[G15-5535-R51TSSD-3Y-24],AMD Ryzen 5,RTX 3050,24 Go,1 To,,Noir,2879,3,En stock,Dell
Pc Portable Gamer ASUS V16 V3607VJ ,[V3607VJ-RP086-24-W11P],Intel Core 5,RTX 3050,24 Go,512 Go,144 Hz,Noir,2879,1,En stock,ASUS
Pc Portable Gamer MSI Thin 15 B13UDX ,[B13UDX-3258XFR-32],Intel Core i5-13420H,RTX 3050,32 Go,512 Go,144 Hz,Gris Cosmos,2899,1,En stock,MSI
Pc Portable Gamer MSI Thin 15 B13U ,[B13UCX-2606XFR-32],Intel Core i7-13620H,RTX 2050,32 Go,512 Go,144 Hz,Gris Cosmos,2919,1,En stock,MSI
Pc Portable Gamer MSI Thin 15 B13UDX ,[B13UDX-3257XFR-16-W11P],Intel Core i7-13620H,RTX 3050,16 Go,512 Go,144 Hz,Gris Cosmos,2919,1,En stock,MSI
Pc Portable Gamer HP Victus Gaming 15-Fb3008nk ,[C65BFEA-24],AMD Ryzen 5,RTX 2050,24 Go,512 Go,IPS,Noir,2919,1,En stock,HP
Pc Portable Gamer HP Victus Gaming 16-R1004nk ,[AG2M2EA-24],Intel Core i5-14450HX,RTX 3050,24 Go,512 Go,IPS,Noir,2939,1,En stock,HP
Pc Portable Gamer HP Victus Gaming 16-R1004nk ,[BU-AG2M2EA-24],Intel Core i5-14450HX,RTX 3050,24 Go,512 Go,IPS,Noir,2939,1,En stock,HP
Pc Portable Gamer Lenovo LOQ 15IAX9 ,[83GS00SKFG-2Y-32],Intel Core i5-12450HX,RTX 2050,32 Go,512 Go,antireflet,Gris Luna,2949,2,En stock,Lenovo
Pc Portable Gamer MSI Cyborg 15 A13V ,[A13VE-1494XFR],Intel Core i5-13420H,RTX 4050,8 Go,512 Go,144 Hz,Noir translucide,2959,1,En stock,MSI
Pc Portable Gamer MSI Thin 15 B13U ,[B13UCX-2606XFR-32W11P],Intel Core i7-13620H,RTX 2050,32 Go,512 Go,144 Hz,Gris Cosmos,2969,1,En stock,MSI
PC Portable ASUS TUF Gaming A15 FA506NCR ,[FA506NCR-HN028W-16],AMD Ryzen 7,RTX 3050,16 Go,512 Go,,Noir,2969,1,En stock,ASUS
Pc Portable Gamer Lenovo LOQ 15IAX9 ,[83GS00UBFG-2Y-24],Intel Core i5-12600HX,RTX 3050,24 Go,512 Go,antireflet,Gris Luna,2979,2,En stock,Lenovo
Pc Portable Gamer MSI Thin 15 B13UDX ,[B13UDX-3258XFR-32-W11P],Intel Core i5-13420H,RTX 3050,32 Go,512 Go,144 Hz,Gris Cosmos,2979,1,En stock,MSI
Pc Portable Gamer MSI Thin 15 B13UDX ,[B13UDX-3257XFR-24],Intel Core i7-13620H,RTX 3050,24 Go,512 Go,144 Hz,Gris Cosmos,2999,1,En stock,MSI
Portable Gaming HP Victus Gaming 15-Fa2028nk ,[C65BBEA-24],Intel Core i5-14450HX,RTX 3050,24 Go,512 Go,IPS,Argent mica,3019,1,En stock,HP
Pc Portable Gamer ASUS V16 V3607VJ ,[V3607VJ-RP086-32],Intel Core 5,RTX 3050,32 Go,512 Go,144 Hz,Noir,3049,1,En stock,ASUS
Pc Portable Gamer ASUS TUF Gaming F16 2025 ,[FX607VJ-RL805W],Intel Core 5,RTX 3050,8 Go,512 Go,IPS,Noir,3059,1,En stock,ASUS
Pc Portable Gamer HP Victus Gaming 16-R1004nk ,[BU-AG2M2EA-32],Intel Core i5-14450HX,RTX 3050,32 Go,512 Go,IPS,Noir,3059,1,En stock,HP
Pc Portable Gamer Dell Alienware 16 Aurora ,[AC162506RPHR005-24],Intel Core 5,RTX 3050,24 Go,512 Go,,Bleu,3059,1,En stock,Dell
PC Portable ASUS TUF Gaming A15 FA506NFR ,[FA506NFR-HN005W-32],AMD Ryzen 7,RTX 2050,32 Go,512 Go,,Noir,3069,1,En stock,ASUS
Pc Portable Gamer MSI Thin 15 B13UDX ,[B13UDX-3257XFR-24-W11P],Intel Core i7-13620H,RTX 3050,24 Go,512 Go,144 Hz,Gris Cosmos,3079,1,En stock,MSI
Pc Portable Gamer ASUS V16 V3607VJ ,[V3607VJ-RP086-32-W11P],Intel Core 5,RTX 3050,32 Go,512 Go,144 Hz,Noir,3099,1,En stock,ASUS
Pc Portable Dell Gaming G15 5535 ,[G15-5535-R51TSSD-3Y-32],AMD Ryzen 5,RTX 3050,32 Go,1 To,,Noir,3099,3,En stock,Dell
PC Portable ASUS TUF Gaming A15 FA506NCR ,[FA506NCR-HN028W-24],AMD Ryzen 7,RTX 3050,24 Go,512 Go,,Noir,3119,1,En stock,ASUS
Pc Portable Gamer ASUS V16 V3607VJ ,[V3607VU-RP209-16],Intel Core 5,RTX 4050,16 Go,512 Go,144 Hz,Noir,3129,1,En stock,ASUS
Pc Portable Gamer HP Victus Gaming 15-Fb3008nk ,[C65BFEA-32],AMD Ryzen 5,RTX 2050,32 Go,512 Go,IPS,Noir,3139,1,En stock,HP
Pc Portable Gamer ASUS V16 V3607VU ,[V3607VU-RP196W-24],Intel Core 5,RTX 4050,24 Go,512 Go,144 Hz,Noir,3169,1,En stock,ASUS
Pc Portable Gamer MSI Cyborg 15 A13V ,[A13VE-1493XFR],Intel Core i7-13620H,RTX 4050,8 Go,512 Go,144 Hz,Noir translucide,3179,1,En stock,MSI
Pc Portable Gamer MSI Thin 15 B13UDX ,[B13UDX-3257XFR-32],Intel Core i7-13620H,RTX 3050,32 Go,512 Go,144 Hz,Gris Cosmos,3199,1,En stock,MSI
Pc Portable Gamer Lenovo LOQ 15IAX9 ,[83GS00UBFG-2Y-32],Intel Core i5-12600HX,RTX 3050,32 Go,512 Go,antireflet,Gris Luna,3205,2,En stock,Lenovo
Pc Portable Gamer MSI Cyborg 15 A13V ,[A13VE-1493XFR-W11P],Intel Core i7-13620H,RTX 4050,8 Go,512 Go,144 Hz,Noir translucide,3229,1,En stock,MSI
Pc Portable Gamer ASUS TUF Gaming F16 2025 ,[FX607VJ-RL805W-16],Intel Core 5,RTX 3050,16 Go,512 Go,IPS,Noir,3249,1,En stock,ASUS
Pc Portable Gamer MSI Cyborg 15 A13V ,[A13VE-1494XFR-16],Intel Core i5-13420H,RTX 4050,16 Go,512 Go,144 Hz,Noir translucide,3259,1,En stock,MSI
Pc Portable Gamer MSI Thin 15 B13UDX ,[B13UDX-3257XFR-32-W11P],Intel Core i7-13620H,RTX 3050,32 Go,512 Go,144 Hz,Gris Cosmos,3279,1,En stock,MSI
Pc Portable Gamer ASUS V16 V3607VJ ,[V3607VU-RP209-24],Intel Core 5,RTX 4050,24 Go,512 Go,144 Hz,Noir,3279,1,En stock,ASUS
Pc Portable Gamer Dell Alienware 16 Aurora ,[AC162506RPHR005-32],Intel Core 5,RTX 3050,32 Go,512 Go,,Bleu,3279,1,En stock,Dell
Pc Portable Dell Gaming G15 5535 ,[G15-5535-R716512SSD-3Y],AMD Ryzen 7,RTX 4050,16 Go,512 Go,,Noir,3299,3,En stock,Dell
Pc Portable Gamer ASUS V16 V3607VU ,[V3607VU-RP196W-32],Intel Core 5,RTX 4050,32 Go,512 Go,144 Hz,Noir,3319,1,En stock,ASUS
PC Portable ASUS TUF Gaming A15 FA506NCR ,[FA506NCR-HN028W-32],AMD Ryzen 7,RTX 3050,32 Go,512 Go,,Noir,3339,1,En stock,ASUS
Pc Portable Gamer MSI Cyborg 15 A13V ,[1494XFR-MAG255F],Intel Core i5-13420H,RTX 4050,8 Go,512 Go,,Noir translucide,3359,1,En stock,MSI
Pc Portable HP OmniBook X Flip 2-In-1 Next Gen AI 14-Fm0020nk ,[BU6V0EA],Intel Core Ultra,GPU not listed,16 Go,512 Go,,Argent,3359,1,En stock,HP
Pc Portable Gamer MSI Cyborg 15 A13V ,[A13VE-1494XFR-24],Intel Core i5-13420H,RTX 4050,24 Go,512 Go,144 Hz,Noir translucide,3409,1,En stock,MSI
Pc Portable Gamer MSI Katana 17 B13UDXK ,[B13UDXK-1439XFR-2Y],Intel Core i7-13620H,RTX 3050,8 Go,512 Go,IPS,Noir,3419,2,En stock,MSI
PC Portable Gigabyte G6KF ,[GB-G6KF-I7],Intel Core i7-13620H,RTX 4060,16 Go,1 To,,Noir,3419,2,En stock,Gigabyte
Pc Portable Gamer ASUS TUF Gaming F16 2025 ,[FX607VJ-RL805W-24],Intel Core 5,RTX 3050,24 Go,512 Go,IPS,Noir,3439,1,En stock,ASUS
PC Portable Gigabyte G6KF ,[GB-G6KF-I7-W11P],Intel Core i7-13620H,RTX 4060,16 Go,1 To,,Noir,3469,2,En stock,Gigabyte
Pc Portable Gamer MSI Cyborg 15 A13V ,[A13VE-1493XFR-16],Intel Core i7-13620H,RTX 4050,16 Go,512 Go,144 Hz,Noir translucide,3479,1,En stock,MSI
Pc Portable Gamer ASUS TUF Gaming F16 2025 ,[TUF667VU-RL090W],Intel Core i7-13620H,RTX 4050,8 Go,512 Go,IPS,Noir,3499,1,En stock,ASUS
Pc Portable Gamer ASUS V16 V3607VJ ,[V3607VU-RP209-32],Intel Core 5,RTX 4050,32 Go,512 Go,144 Hz,Noir,3499,1,En stock,ASUS
Pc Portable Dell Gaming G15 5535 ,[G15-5535-R716512SSD-3Y-24],AMD Ryzen 7,RTX 4050,24 Go,512 Go,,Noir,3519,3,En stock,Dell
Pc Portable Gamer MSI Cyborg 15 A13V ,[A13VE-1493XFR-16-W11P],Intel Core i7-13620H,RTX 4050,16 Go,512 Go,144 Hz,Noir translucide,3529,1,En stock,MSI
Pc Portable Gamer Lenovo LOQ 15IRX10 ,[83JE00WBFG-2Y],Intel Core i5-13450HX,RTX 5050,16 Go,512 Go,antireflet,Gris Luna,3599,2,En stock,Lenovo
PC Portable Gamer ASUS TUF Gaming F16 2025 ,[FX607VU-RL037W],Intel Core 5,RTX 4050,8 Go,512 Go,IPS,Noir,3609,1,En stock,ASUS
Pc Portable Gamer Dell Alienware 16 Aurora ,[AC16250RPLHR007],Intel Core 7,RTX 4050,16 Go,1 To,,Bleu,3629,1,En stock,Dell
Pc Portable Gamer MSI Cyborg 15 A13V ,[A13VE-1493XFR-24],Intel Core i7-13620H,RTX 4050,24 Go,512 Go,144 Hz,Noir translucide,3629,1,En stock,MSI
Pc Portable Gamer MSI Cyborg 15 A13V ,[A13VE-1494XFR-32],Intel Core i5-13420H,RTX 4050,32 Go,512 Go,144 Hz,Noir translucide,3629,1,En stock,MSI
Pc Portable Gamer Lenovo LOQ 15IRX10 ,[83JE00J9FG-2Y],Intel Core i5-13450HX,RTX 5050,24 Go,512 Go,antireflet,Gris Luna,3659,2,En stock,Lenovo
Pc Portable Gamer MSI Cyborg 15 A13V ,[A13VE-1493XFR-24-W11P],Intel Core i7-13620H,RTX 4050,24 Go,512 Go,144 Hz,Noir translucide,3679,1,En stock,MSI
Pc Portable Gamer ASUS TUF Gaming F16 2025 ,[FX607VJ-RL805W-32],Intel Core 5,RTX 3050,32 Go,512 Go,IPS,Noir,3689,1,En stock,ASUS
Pc Portable Gamer MSI Katana 17 B13UDXK ,[B13UDXK-1439XFR-2Y-16],Intel Core i7-13620H,RTX 3050,16 Go,512 Go,IPS,Noir,3719,2,En stock,MSI
PC Portable Gigabyte G6KF ,[GB-G6KF-I7-24],Intel Core i7-13620H,RTX 4060,24 Go,1 To,,Noir,3719,2,En stock,Gigabyte
Pc Portable Dell Gaming G15 5535 ,[G15-5535-R716512SSD-3Y-32],AMD Ryzen 7,RTX 4050,32 Go,512 Go,,Noir,3739,3,En stock,Dell
Pc Portable Gamer MSI Cyborg 15 A13V ,[A13VE-1493XFR-32],Intel Core i7-13620H,RTX 4050,32 Go,512 Go,144 Hz,Noir translucide,3759,1,En stock,MSI
Pc Portable Gamer Lenovo LOQ 15AHP10 ,[83JG002EFG-2Y-32],AMD Ryzen 5,RTX 5050,32 Go,512 Go,antireflet,Gris,3769,2,En stock,Lenovo
PC Portable Gigabyte G6KF ,[GB-G6KF-I7-24-W11P],Intel Core i7-13620H,RTX 4060,24 Go,1 To,,Noir,3769,2,En stock,Gigabyte
Pc Portable Gamer ASUS TUF Gaming F16 2025 ,[TUF667VU-RL090W-16],Intel Core i7-13620H,RTX 4050,16 Go,512 Go,IPS,Noir,3799,1,En stock,ASUS
Pc Portable Gamer MSI Cyborg 15 A13V ,[A13VE-1493XFR-32-W11P],Intel Core i7-13620H,RTX 4050,32 Go,512 Go,144 Hz,Noir translucide,3809,1,En stock,MSI
Pc Portable Gamer MSI Cyborg 15 B2RWFKG ,[B2RWFKG-232XFR],Intel Core 5,RTX 5060,8 Go,512 Go,niveau IPS,Noir translucide,3819,1,En stock,MSI
Pc Portable Gamer MSI Cyborg 15 A13V ,[1493XFR-MAG244F-MP223-C],Intel Core i7-13620H,RTX 4050,8 Go,512 Go,,Noir translucide,3829,1,En stock,MSI
Pc Portable Gamer Dell Alienware 16 Aurora ,[AC16250RPLHR007-24],Intel Core 7,RTX 4050,24 Go,1 To,,Bleu,3849,1,En stock,Dell
Pc Portable Gamer MSI Katana 17 B13UDXK ,[B13UDXK-1439XFR-2Y-24],Intel Core i7-13620H,RTX 3050,24 Go,512 Go,IPS,Noir,3869,2,En stock,MSI
PC Portable Gigabyte G6KF ,[GB-G6KF-I7-32],Intel Core i7-13620H,RTX 4060,32 Go,1 To,,Noir,3869,2,En stock,Gigabyte
Pc Portable Gamer MSI Cyborg 15 A13V ,[1493XFR-16-MAG255F],Intel Core i7-13620H,RTX 4050,16 Go,512 Go,,Noir translucide,3879,1,En stock,MSI
Pc Portable Gamer Lenovo LOQ 15IRX10 ,[83JE00WBFG-2Y-24],Intel Core i5-13450HX,RTX 5050,24 Go,512 Go,antireflet,Gris Luna,3899,2,En stock,Lenovo
PC Portable Gamer ASUS TUF Gaming F16 2025 ,[FX607VU-RL037W-16],Intel Core 5,RTX 4050,16 Go,512 Go,IPS,Noir,3909,1,En stock,ASUS
PC Portable Gigabyte G6KF ,[GB-G6KF-I7-32-W11P],Intel Core i7-13620H,RTX 4060,32 Go,1 To,,Noir,3919,2,En stock,Gigabyte
Pc Portable Dell 14 Plus 2-En-1 ,[DB04250LNL202],Intel Core Ultra,GPU not listed,16 Go,512 Go,,Bleu,3929,1,En stock,Dell
Pc Portable Gamer ASUS TUF Gaming F16 2025 ,[TUF667VU-RL090W-24],Intel Core i7-13620H,RTX 4050,24 Go,512 Go,IPS,Noir,3949,1,En stock,ASUS
Pc Portable Gamer Lenovo LOQ 15IRX10 ,[83JE00WCFG-2Y],Intel Core i7-13650HX,RTX 5050,16 Go,512 Go,antireflet,Gris Luna,3959,2,En stock,Lenovo
Pc Portable Gamer Lenovo LOQ 15IRX10 ,[83JE00B8FG-2Y],Intel Core i7-13650HX,RTX 5050,24 Go,512 Go,antireflet,Gris Luna,3999,2,En stock,Lenovo
Pc Portable Gamer MSI Cyborg 17 B2RWEKG ,[B2RWEKG-046XFR],Intel Core 5,RTX 5050,8 Go,512 Go,niveau IPS,Noir translucide,3999,1,En stock,MSI
Pc Portable Gamer MSI Cyborg 15 B2RWFKG ,[B2RWFKG-231XFR],Intel Core 7,RTX 5060,8 Go,512 Go,niveau IPS,Noir translucide,4029,1,En stock,MSI
Pc Portable Gamer Lenovo LOQ 15IRX10 ,[83JE00WBFG-2Y-32],Intel Core i5-13450HX,RTX 5050,32 Go,512 Go,antireflet,Gris Luna,4049,2,En stock,Lenovo
PC Portable Gamer ASUS TUF Gaming F16 2025 ,[FX607VU-RL037W-24],Intel Core 5,RTX 4050,24 Go,512 Go,IPS,Noir,4059,1,En stock,ASUS
Pc Portable Gamer Gigabyte A16 CVH ,[GB-A16-CVH-2Y],Intel Core i7-13620H,RTX 5060,16 Go,1 To,165 Hz,Acier noir,4069,2,En stock,Gigabyte
Pc Portable Gamer Dell Alienware 16 Aurora ,[AC16250RPLHR007-32],Intel Core 7,RTX 4050,32 Go,1 To,,Bleu,4069,1,En stock,Dell
Pc Portable Gamer MSI Katana 17 B13UDXK ,[B13UDXK-1439XFR-2Y-32],Intel Core i7-13620H,RTX 3050,32 Go,512 Go,IPS,Noir,4089,2,En stock,MSI
Pc Portable Gamer MSI Cyborg 17 B2RWEKG ,[B2RWEKG-045XFR],Intel Core 7,RTX 5050,8 Go,512 Go,niveau IPS,Noir translucide,4099,1,En stock,MSI
Pc Portable Gamer MSI Cyborg 15 B2RWFKG ,[B2RWFKG-232XFR-16],Intel Core 5,RTX 5060,16 Go,512 Go,niveau IPS,Noir translucide,4119,1,En stock,MSI
Pc Portable Gamer ASUS TUF Gaming F16 2025 ,[TUF667VU-RL090W-32],Intel Core i7-13620H,RTX 4050,32 Go,512 Go,IPS,Noir,4169,1,En stock,ASUS
Pc Portable Gamer Lenovo LOQ 15IRX10 ,[83JE00B8FG-2Y-32],Intel Core i7-13650HX,RTX 5050,32 Go,512 Go,antireflet,Gris Luna,4199,2,En stock,Lenovo
Pc Portable Gamer Lenovo LOQ 15IRX10 ,[83JE00J9FG-2Y-32],Intel Core i5-13450HX,RTX 5050,32 Go,512 Go,antireflet,Gris Luna,4199,2,En stock,Lenovo
Pc Portable Gamer MSI Cyborg 17 B2RWEKG ,[B2RWFKG-044XFR],Intel Core 5,RTX 5060,8 Go,512 Go,niveau IPS,Noir translucide,4239,1,En stock,MSI
Pc Portable Gamer Lenovo LOQ 15IRX10 ,[83JE00WCFG-2Y-24],Intel Core i7-13650HX,RTX 5050,24 Go,512 Go,antireflet,Gris Luna,4259,2,En stock,Lenovo
Pc Portable Gamer MSI Cyborg 15 B2RWFKG ,[B2RWFKG-232XFR-24],Intel Core 5,RTX 5060,24 Go,512 Go,niveau IPS,Noir translucide,4269,1,En stock,MSI
PC Portable Gamer ASUS TUF Gaming F16 2025 ,[FX607VU-RL037W-32],Intel Core 5,RTX 4050,32 Go,512 Go,IPS,Noir,4279,1,En stock,ASUS
Pc Portable Gamer MSI Cyborg 17 B2RWEKG ,[B2RWEKG-046XFR-16],Intel Core 5,RTX 5050,16 Go,512 Go,niveau IPS,Noir translucide,4299,1,En stock,MSI
Pc Portable Gamer MSI Cyborg 15 B2RWFKG ,[B2RWFKG-231XFR-16],Intel Core 7,RTX 5060,16 Go,512 Go,niveau IPS,Noir translucide,4329,1,En stock,MSI
Pc Portable Gamer Gigabyte A16 CVH ,[GB-A16-CVH-2Y-24],Intel Core i7-13620H,RTX 5060,24 Go,1 To,165 Hz,Acier noir,4369,2,En stock,Gigabyte
Pc Portable Gamer MSI Cyborg 17 B2RWEKG ,[B2RWEKG-045XFR-16],Intel Core 7,RTX 5050,16 Go,512 Go,niveau IPS,Noir translucide,4399,1,En stock,MSI
Pc Portable Gamer Lenovo LOQ 15IRX10 ,[83JE00WCFG-2Y-32],Intel Core i7-13650HX,RTX 5050,32 Go,512 Go,antireflet,Gris Luna,4409,2,En stock,Lenovo
Pc Portable Gamer MSI Cyborg 17 B2RWEKG ,[B2RWFKG-043XFR],Intel Core 7,RTX 5060,8 Go,512 Go,niveau IPS,Noir translucide,4419,1,En stock,MSI
Pc Portable Gamer MSI Cyborg 17 B2RWEKG ,[B2RWEKG-046XFR-24],Intel Core 5,RTX 5050,24 Go,512 Go,niveau IPS,Noir translucide,4449,1,En stock,MSI
Pc Portable Gamer Gigabyte A16 3WH ,[GB-A16-3WH-2Y],AMD Ryzen 7,RTX 5070,16 Go,1 To,165 Hz,Acier noir,4469,2,En stock,Gigabyte
Pc Portable Gamer MSI Cyborg 15 B2RWFKG ,[B2RWFKG-231XFR-24],Intel Core 7,RTX 5060,24 Go,512 Go,niveau IPS,Noir translucide,4479,1,En stock,MSI
Pc Portable Gamer ASUS TUF Gaming F16 2025 ,[TUF608JM-RV039W],Intel Core i5-13450HX,RTX 5060,16 Go,512 Go,IPS,Gris Luna,4499,1,En stock,ASUS
Pc Portable Gamer Gigabyte A16 3WH ,[GB-A16-3WH-2Y-W11P],AMD Ryzen 7,RTX 5070,16 Go,1 To,165 Hz,Acier noir,4519,2,En stock,Gigabyte
Pc Portable Gamer Gigabyte A16 CVH ,[GB-A16-CVH-2Y-32],Intel Core i7-13620H,RTX 5060,32 Go,1 To,165 Hz,Acier noir,4519,2,En stock,Gigabyte
Pc Portable Gamer MSI Cyborg 17 B2RWEKG ,[B2RWFKG-044XFR-16],Intel Core 5,RTX 5060,16 Go,512 Go,niveau IPS,Noir translucide,4539,1,En stock,MSI
Pc Portable Gamer MSI Cyborg 17 B2RWEKG ,[B2RWEKG-045XFR-24],Intel Core 7,RTX 5050,24 Go,512 Go,niveau IPS,Noir translucide,4549,1,En stock,MSI
Pc Portable Gamer MSI Cyborg 17 B2RWEKG ,[B2RWFKG-043XFR-16],Intel Core 7,RTX 5060,16 Go,512 Go,niveau IPS,Noir translucide,4579,1,En stock,MSI
Pc Portable Gamer Lenovo Legion 5 15IRX10 ,[83LY00LRFG-2Y],Intel Core i7-13650HX,RTX 5050,16 Go,512 Go,antireflet,Eclipse Noir,4599,2,En stock,Lenovo
Pc Portable Gamer MSI Cyborg 17 B2RWEKG ,[B2RWEKG-046XFR-32],Intel Core 5,RTX 5050,32 Go,512 Go,niveau IPS,Noir translucide,4669,1,En stock,MSI
Pc Portable Gamer MSI Cyborg 17 B2RWEKG ,[B2RWFKG-044XFR-24],Intel Core 5,RTX 5060,24 Go,512 Go,niveau IPS,Noir translucide,4689,1,En stock,MSI
Pc Portable Gamer ASUS TUF Gaming A14 FA401KH ,[FA401KH-RG005W],AMD Ryzen AI,RTX 5050,16 Go,1 To,antireflets,Noir,4699,1,En stock,ASUS
Pc Portable Dell 14 Plus 2-En-1 ,[DB04250LNL201],Intel Core Ultra,GPU not listed,16 Go,1 To,,Bleu,4699,1,En stock,Dell
Pc Portable Gamer ASUS TUF Gaming F16 2025 ,[TUF608JM-RV039W-24],Intel Core i5-13450HX,RTX 5060,24 Go,512 Go,IPS,Gris Luna,4719,1,En stock,ASUS
Pc Portable Gamer MSI Cyborg 17 B2RWEKG ,[B2RWFKG-043XFR-24],Intel Core 7,RTX 5060,24 Go,512 Go,niveau IPS,Noir translucide,4749,1,En stock,MSI
Pc Portable Gamer MSI Cyborg 17 B2RWEKG ,[B2RWEKG-045XFR-32],Intel Core 7,RTX 5050,32 Go,512 Go,niveau IPS,Noir translucide,4769,1,En stock,MSI
Pc Portable Gamer Gigabyte A16 3WH ,[GB-A16-3WH-2Y-24],AMD Ryzen 7,RTX 5070,24 Go,1 To,165 Hz,Acier noir,4769,2,En stock,Gigabyte
Pc Portable Gamer ASUS TUF Gaming F16 2025 ,[TUF608JHR-RV041W],Intel Core i7-14650HX,RTX 5050,16 Go,1 To,WQXGA),Gris Luna,4769,1,En stock,ASUS
Pc Portable HP OmniBook X Flip 2-In-1 Next Gen AI 16-As0000nk ,[BU6S3EA],Intel Core Ultra,GPU not listed,32 Go,1 To,120 Hz,Argent,4799,1,En stock,HP
Pc Portable Gamer Gigabyte A16 3WH ,[GB-A16-3WH-2Y-24-W11P],AMD Ryzen 7,RTX 5070,24 Go,1 To,165 Hz,Acier noir,4819,2,En stock,Gigabyte
Pc Portable Gamer Gigabyte A16 CWH ,[GB-A16-CWH32G-2Y],Intel Core i7-13620H,RTX 5070,32 Go,1 To,165 Hz,Acier noir,4859,2,En stock,Gigabyte
Pc Portable Dell Gaming G15 5530 ,[5530-I740602T-3Y],Intel Core I7-13650HX,RTX 4060,16 Go,2 To,,Noir,4899,3,En stock,Dell
Pc Portable Gamer Lenovo Legion 5 15IRX10 ,[83LY00LRFG-2Y-24],Intel Core i7-13650HX,RTX 5050,24 Go,512 Go,antireflet,Eclipse Noir,4899,2,En stock,Lenovo
Pc Portable Gamer MSI Cyborg 17 B2RWEKG ,[B2RWFKG-044XFR-32],Intel Core 5,RTX 5060,32 Go,512 Go,niveau IPS,Noir translucide,4909,1,En stock,MSI
Pc Portable Gamer Gigabyte A16 3WH ,[GB-A16-3WH-2Y-32],AMD Ryzen 7,RTX 5070,32 Go,1 To,165 Hz,Acier noir,4919,2,En stock,Gigabyte
Pc Portable Gamer ASUS TUF Gaming F16 2025 ,[TUF608JM-RV039W-32],Intel Core i5-13450HX,RTX 5060,32 Go,512 Go,IPS,Gris Luna,4939,1,En stock,ASUS
Pc Portable Gamer MSI Cyborg 17 B2RWEKG ,[B2RWFKG-043XFR-32],Intel Core 7,RTX 5060,32 Go,512 Go,niveau IPS,Noir translucide,4959,1,En stock,MSI
Pc Portable Gamer Gigabyte A16 3WH ,[GB-A16-3WH-2Y-32-W11P],AMD Ryzen 7,RTX 5070,32 Go,1 To,165 Hz,Acier noir,4969,2,En stock,Gigabyte
Pc Portable Gamer ASUS TUF Gaming F16 2025 ,[TUF608JHR-RV041W-24],Intel Core i7-14650HX,RTX 5050,24 Go,1 To,WQXGA),Gris Luna,4995,1,En stock,ASUS
Pc Portable Gamer Gigabyte A16 CWH ,[GB-A16-CWH-2Y-24],Intel Core i7-13620H,RTX 5070,24 Go,1 To,165 Hz,Acier noir,4999,2,En stock,Gigabyte
Pc Portable Gamer Lenovo Legion 5 15IRX10 ,[83LY00LRFG-2Y-32],Intel Core i7-13650HX,RTX 5050,32 Go,512 Go,antireflet,Eclipse Noir,5099,2,En stock,Lenovo
Pc Portable Gamer ASUS TUF Gaming F16 2025 ,[TUF608JMR-RV026W],Intel Core i7-14650HX,RTX 5060,16 Go,1 To,WQXGA),Gris Luna,5199,1,En stock,ASUS
Pc Portable Gamer MSI Katana 15 HX B14W ,[B14WGK-625XFR],Intel Core i7-14650HX,RTX 5070,16 Go,512 Go,niveau IPS,Noir,5199,1,En stock,MSI
Pc Portable Gamer ASUS TUF Gaming F16 2025 ,[TUF608JHR-RV041W-32],Intel Core i7-14650HX,RTX 5050,32 Go,1 To,WQXGA),Gris Luna,5219,1,En stock,ASUS
Pc Portable Gamer ASUS TUF Gaming F16 2025 ,[TUF608JMR-RV026W-24],Intel Core i7-14650HX,RTX 5060,24 Go,1 To,WQXGA),Gris Luna,5425,1,En stock,ASUS
Pc Portable Gamer MSI Katana 15 HX B14W ,[B14WGK-625XFR-24],Intel Core i7-14650HX,RTX 5070,24 Go,512 Go,niveau IPS,Noir,5425,1,En stock,MSI
Pc Portable Gamer ASUS TUF Gaming F16 2025 ,[TUF608JMR-RV026W-32],Intel Core i7-14650HX,RTX 5060,32 Go,1 To,WQXGA),Gris Luna,5649,1,En stock,ASUS
Pc Portable Gamer MSI Katana 15 HX B14W ,[B14WGK-625XFR-32],Intel Core i7-14650HX,RTX 5070,32 Go,512 Go,niveau IPS,Noir,5649,1,En stock,MSI
Pc Portable Gamer ASUS TUF Gaming F16 2025 ,[TUF608JPR-RV027W],Intel Core i7-14650HX,RTX 5070,16 Go,1 To,IPS,Gris Luna,5729,1,En stock,ASUS
Pc Portable Dell 14 Plus 2-En-1 ,[DB04250LNL204],Intel Core Ultra,GPU not listed,32 Go,1 To,,Bleu,6089,1,En stock,Dell
PC Portable Gamer ASUS TUF Gaming F16 2025 ,[TUF608PP-QT056W],AMD Ryzen 9,RTX 5070,32 Go,1 To,IPS,Gris,6169,1,En stock,ASUS
Pc Portable Gamer Dell Alienware 16X Aurora ,[AC16251ARLHX008],Intel Core Ultra,RTX 5060,32 Go,1 To,ComfortView Plus,Bleu,6199,1,En stock,Dell
Pc Portable Gamer Lenovo Legion Pro 5 16IRX10 ,[83NN001TFE-2Y],Intel Core i9-14900HX,RTX 5070,32 Go,1 To,antireflet,Eclipse Noir,6599,2,En stock,Lenovo
Pc Portable Gamer Dell Alienware 16X Aurora ,[AC16251ARLHX008-48],Intel Core Ultra,RTX 5060,48 Go,1 To,ComfortView Plus,Bleu,6659,1,En stock,Dell
Copy Of Pc Portable Gamer Dell Alienware 16X Aurora ,[AC16251ARLHX008-48],Intel Core Ultra,RTX 5060,48 Go,1 To,ComfortView Plus,Bleu,6659,1,En stock,Dell
Pc Portable Gamer Dell Alienware 16 Aurora ,[AC16250RPLHR014],Intel Core 9,RTX 5070,32 Go,1 To,,Bleu,6689,1,En stock,Dell
Pc Portable Gamer Gigabyte AERO X16 2WH ,[GB-X162WH-1T-2Y],AMD Ryzen AI,RTX 5070,32 Go,1 To,165 Hz,Gris,6759,2,Sur commande,Gigabyte
Pc Portable Gamer MSI Crosshair 18 HX AI A2XWGKG ,[A2XWGKG-046XFR],Intel Core Ultra,RTX 5070,16 Go,512 Go,niveau IPS,Noir,6799,1,En stock,MSI
Pc Portable Gamer ASUS ROG Strix G16 2025 G614 ,[G614PM-RV106W-2Y],AMD Ryzen 9,RTX 5060,32 Go,1 To,Niveau IPS,Noir,6799,2,En stock,ASUS
PC PORTABLE GIGABYTE AORUS 16X ASG ,[GB-16X-ASGI9-2Y],Intel Core Up,RTX 4070,32 Go,2To,,Color not listed,6999,0,Sur commande,Gigabyte
Pc Portable Gamer MSI Crosshair 18 HX AI A2XWGKG ,[A2XWGKG-046XFR-24],Intel Core Ultra,RTX 5070,24 Go,512 Go,niveau IPS,Noir,7019,1,En stock,MSI
Pc Portable Gamer Gigabyte AERO X16 2WH ,[GB-X162WH-2T-WH-2Y],AMD Ryzen AI,RTX 5070,32 Go,2 To,165 Hz,Blanc,7059,2,En stock,Gigabyte
Pc Portable Gamer Gigabyte AERO X16 2WH ,[GB-X162WH-2T-GR-2Y],AMD Ryzen AI,RTX 5070,32 Go,2 To,165 Hz,Gris,7059,2,En stock,Gigabyte
Pc Portable Gamer Dell Alienware 16X Aurora ,[AC16251ARLHX013],Intel Core Ultra,RTX 5070,32 Go,1 To,ComfortView Plus,Bleu,7079,1,En stock,Dell
Pc Portable Gamer Lenovo Legion Pro 5 16IAX10 ,[83F3004MFE-2Y],Intel Core Ultra,RTX 5070,32 Go,1 To,DisplayHDR,Eclipse Noir,7099,2,Sur commande,Lenovo
Pc Portable Gamer Dell Alienware 16 Aurora ,[AC16250RPLHR014-48],Intel Core 9,RTX 5070,48 Go,1 To,,Bleu,7159,1,En stock,Dell
Pc Portable Gamer MSI Crosshair 18 HX AI A2XWGKG ,[A2XWGKG-046XFR-32],Intel Core Ultra,RTX 5070,32 Go,512 Go,niveau IPS,Noir,7249,1,En stock,MSI
Pc Portable Gamer Gigabyte AERO X16 2WH ,[GB-X162WH-2T-WH-2Y-48],AMD Ryzen AI,RTX 5070,48 Go,2 To,165 Hz,Blanc,7519,2,En stock,Gigabyte
Pc Portable Gamer Gigabyte AERO X16 2WH ,[GB-X162WH-2T-GR-2Y-48],AMD Ryzen AI,RTX 5070,48 Go,2 To,165 Hz,Gris,7529,2,En stock,Gigabyte
Pc Portable Gamer Dell Alienware 16 Aurora ,[AC16250RPLHR014-64],Intel Core 9,RTX 5070,64 Go,1 To,,Bleu,7615,1,En stock,Dell
Pc Portable Gamer ASUS ROG Zephyrus G16 GU605MI ,[GU605MI-QR128W],Intel Core Ultra,RTX 4070,32 Go,1 To,,Noir,7889,1,En stock,ASUS
Pc Portable Gamer Gigabyte AERO X16 2WH ,[GB-X162WH-2T-WH-2Y-64],AMD Ryzen AI,RTX 5070,64 Go,2 To,165 Hz,Blanc,7945,2,En stock,Gigabyte
Pc Portable Gamer Gigabyte AERO X16 2WH ,[GB-X162WH-2T-GR-2Y-64],AMD Ryzen AI,RTX 5070,64 Go,2 To,165 Hz,Gris,7999,2,En stock,Gigabyte
Pc Portable Gamer Dell Alienware 16X Aurora ,[AC16251ARLHX013-64],Intel Core Ultra,RTX 5070,64 Go,1 To,ComfortView Plus,Bleu,7999,1,En stock,Dell
Pc Portable MSI Gaming Vector GP68 HX ,[GP68-HX-13VG-32],Intel Core i7-13700HX,RTX 4070,32 Go,512 Go,,Color not listed,8009,1,En stock,MSI
Pc Portable Gamer ASUS ROG Flow Z13 2025 GZ302EA ,[GZ302EA-RU009W],AMD Ryzen AI,GPU not listed,32 Go,1 To,180 Hz,Noir,8199,1,Sur commande,ASUS
Pc Portable Gamer GIGABYTE GAMING A16 PRO DXH ,[GB-A16-PRO-DYHG5XXC-2Y],Intel Core 7,RTX 5080,32 Go,1 To,165 Hz, Noir,8249,2,En stock,Gigabyte
"PC PORTABLE GIGABYTE AORUS MASTER 16 U9-275HX 32GB 1To SSD RTX5080 16G 16"" OLED 240Hz Win11 PRO",[BYHC5XXE64SP-2Y],Intel Core Ultra,RTX 5080,32 Go,1 To,,Blanc,11339,2,Sur commande,Gigabyte
Pc Portable Gamer Lenovo Legion Pro 7 16IAX10H ,[83F50076FG-2Y],Intel Core Ultra,RTX 5080,64 Go,2 To,DisplayHDR,Eclipse Noir,12249,2,Sur commande,Lenovo
Pc Portable Gamer Lenovo Legion Pro 7 16IRX9H ,[83DE005UFG-2Y],Intel Core i9-14900HX,RTX 4090,32 Go,1 To,antireflet,Eclipse Noir,12499,2,En stock,Lenovo
Pc Portable Gamer Lenovo Legion Pro 7 16IRX9H ,[83DE005UFG-2Y-48],Intel Core i9-14900HX,RTX 4090,48 Go,1 To,antireflet,Eclipse Noir,12959,2,En stock,Lenovo
"PC PORTABLE GIGABYTE AORUS MASTER 18 U9-275HX 32GB 1To SSD RTX508016G 18"" Win11 PRO",[BYHC5XXD65SP-2Y],Intel Core Ultra,RTX 5080,32 Go,1 To,,Blanc,13249,2,Sur commande,Gigabyte
Pc Portable Gamer Lenovo Legion Pro 7 16IRX9H ,[83DE005UFG-2Y-64],Intel Core i9-14900HX,RTX 4090,64 Go,1 To,antireflet,Eclipse Noir,13425,2,En stock,Lenovo
"PC PORTABLE GIGABYTE AORUS MASTER 16 U9-275HX 32GB 1To SSD RTX5090 24G 16"" OLED 240Hz Win11 PRO",[BZHC6XXE64SP-2Y],Intel Core Ultra,RTX 5090,32 Go,1 To,,Blanc,14799,2,Sur commande,Gigabyte
"PC PORTABLE GIGABYTE AORUS MASTER 18 U9-275HX 32GB 1To SSD RTX5090 24G 18"" Win11 PRO",[BZHC6XXD65SP-2Y],Intel Core Ultra,RTX 5090,32 Go,1 To,,Blanc,16499,2,Sur commande,Gigabyte
Pc Portable Gamer ASUS ROG Strix SCAR 18 2025 G835LX ,[G835LX-SA008W-2Y],Intel Core Ultra,RTX 5090,64 Go,2 To,Mini LED,Noir,17599,2,En stock,ASUS
